0,04-1-ニュース-話題
1,03-1-質問
2,06-1-イベント
3,02-2-おススメ書籍
4,05-3-結果報告
5,03-2-ディスカッション
6,general
7,random
8,00-1-はじめに
9,01-1-自己紹介
10,08-1-教材
11,07-01-企画-slack分析
12,05-1-目標設定
13,05-2-お悩み相談
14,10-3-案件相談
15,10-2-求職
16,02-1-雑談
17,00-2-運営からのアナウンス
18,00-3-ギルドに関する質問
19,09-1-リクエスト
20,10-1-求人
21,07-02-強化学習
22,07-04-ボードゲーム部
23,08-1-scrapbox更新通知
24,07-03-機械学習関連数学-再入門
25,03-3-セキュリティ-ジョージア移住
26,07-05-ml-study-jam
27,02-2-雑談-技術-分析
28,07-06-グロースハック_マーケティング
29,05-2-進捗報告
30,06-2-イベント-9月
31,07-01-slack分析コンペ-チーム2
32,07-01-slack分析コンペ-チーム3
33,07-01-slack分析コンペ-チーム1
34,07-08-楽音調教
35,07-07-仕事の説明書輪読会
36,07-09-note執筆グループ
37,06-4-イベント-11月
38,06-3-イベント-10月
39,99-kaggle-beginner
40,02-3-練習問題
41,07-10-プロフィール共有サービス開発
42,03-2-質問-用語
43,07-11-kaggle
44,02-3-雑談-学生
45,07-12-ユーザー検索プロジェクト
46,02-8-おススメ書籍
47,02-6-トレーニング-ヘルスケア
48,02-7-ひとりごと
49,05-5-えらい
50,02-4-雑談-製造業-iot
51,05-4-アウトプット報告
52,02-5-雑談-マーケティング
53,03-2-どうしてなんだよおぉぉぉお
54,11-2-kaggle企画
55,07-14-輪読会-中上級
56,11-1-情報発信
57,11-4-勉強会企画
58,11-3-自己紹介企画
59,07-13-輪読会-初級
60,07-15-lt練習場
61,07-16-ビジネスに役立つ面白い統計データ
62,07-17-競艇で勝つ
63,02-9-サ道部
