usr_id,usr_name
USLACKBOT,slackbot
UJKFAPBCJ,shandy
UJRAL005U,t.murakami
UJRDMQSAD,polyglot.software
UKEMYD9R8,tetsuro.ito
UKFLR3VHR,myujin.aikawa
UKFMDBUV9,tatsuro061188
UKFNDDER1,kondo1846923
UKFPM8H35,maskedanl
UKG6BDAPL,kix
UKHMWSMBL,yoshimi.nakagawa
UKHMYQBEE,auchi.ouch
UKKMSRWJV,greenmidori83
UKLQEKEV7,s.honma12
UKP483XHR,u950527
UKP4HTQ1G,knk43nok
UKPAM2942,shinkota
UKPCQAQLA,junpei0827kouyou
UKPRX1CCW,sakura
UKQHU14D9,kyouikukoubou550
UKQHVA4M8,steeringsystem2378
UKT3G90U8,s.sakuma.consulting
UKT3NHRM3,ray201111
UKT5BQD3P,hayato08120904
UKT5WSVCY,t.harioka
UKTFMFCHJ,mtkw.shun
UKTGS35PA,satsuneko
UKTRK6EE4,p.s.fishinsnow
UKU6PP3J5,ymorii.personal
UKURQ1U73,taiga.hirano
UKVKXK17U,seiya.iiyama
UKVLUHVMY,ca54makske
UKW58LPUJ,hand1308yuki_ooe
UKX7JQRPY,yuppy7410
UKY4VFB5E,saicologic
UL02Y5QAY,yumeno530
UL08YKGLU,yuto19987789
UL0E55AC8,nepia2205
UL0NZCCMT,programmer
UL0P33KEH,yukiyshr
UL22NNXBP,makio.yamadaisuki
UL2E25WP5,shinobu
UL2L9BN06,u950527317
UL2TSDLG6,risa.kobayashi.0212
UL2TY2ERL,msdtakashi
UL39HGU72,kuniaki.oga
UL3ME2AM7,a.koganei1988
UL3TC918X,trex.sfd
UL4358W2J,redsox.deepimpact
UL44C2ATY,kyouikukoubou
UL559NJTZ,beggrice
UL56S6RL5,googledrive
UL70KNF4P,hano.1987.10.27
UL70R6PTQ,github
ULFCZ8T0S,keisuke.y222
ULJ74QZJM,vicious8424687
ULKPET3UK,penya.shk
ULM6FBU11,tomone_hata
ULP67C97Z,tibetting
ULQ3D7T2Q,kenichi.nishiok
ULQU5MHA8,jmworks
ULVLJHGLA,yutatahaue0625
ULWDEKG30,northdecision.tamtam
UM33S1PA8,hitotumekozo.hy.936
UM34A49H8,kshouta.50434.g
UM3D43T47,s0713_yamasaki
UM3SSJ70T,kouseinenkikaikamae
UM4HJV63C,lyrisist.lily
UM53JT4TV,open.the.c.kiky
UM583D402,uminto532
UM60VJ5EW,chnm28
UM6N0DAHH,tst730_intelath_hiro
UM6RV9SP4,harmony.is.valued
UM802FXQR,www.ryoya1030
UM80ARCL9,koumyougatuji1
UM9DCGPCH,info
UM9G63GUR,yoshiki301
UM9JP9K0Q,paluichi19
UM9JXJ34H,kenji.kaeshima
UMA883SV8,sol3ani1net1rade0
UMANCHXH8,tomiyoujoc
UMBPQ87PB,a7xche.xoxo
UMBQN77MZ,0059takumi
UMBT21UMQ,shotaando
UMBUPSEF5,starbucksespresso0705
UMC518ER0,isutoodoriko
UMCGNSP8C,kazu.tsukagoshi539
UMDKDACP7,ueuetennis
UME7ABXV4,aikimasaki1515
UMEBUFHJP,vonhathuy.works
UMECF8TEU,nikoniko.ahuxi
UMECM9J6P,business.patchouli6
UMF9K3Y5U,hideki0ikeda0
UMFDK5ETW,yosaprog
UMFDZ1L0M,advance74kai
UMFGQHD46,hanawa11ify
UMFN3A849,lim.intefx
UMFP56CLD,digineko.dood
UMFQUELG0,music.on.my.mindiv
UMFQV0P3J,jin.matsumoto1112
UMFT1RX96,yuki.yonemori
UMG0947NY,yujiimuta0572
UMG3YGKJQ,sotti2002
UMG4DPLP6,kizm4141414
UMGA5BC4V,new.old.2611
UMGGSM4A3,chokichoki22
UMH1NUSUU,towajun10
UMH4R32C9,as.kuno
UMHNP0W5D,abstconclab
UMHPJLU31,yuuta3594
UMHQP0JAK,teni213638395636
UMHTMD788,mitsouko.pta
UMJ1PP895,cisy15119
UMJ5SQSCF,keisuke.sugiyama
UMJEQ6X2B,kagetora610
UMK8357MM,yukke.online
UMKAYGVH6,kato
UML1LT4DA,batzuma
UML7CC4N8,ryotan1122
UMLHAREMC,tagi0220
UMLJU57L6,tagi0220362
UMN27AA75,kousuke.soccer05
UMNDKEJFP,sereronnrot
UMNDKT5BR,ashen0one39
UMNEDB6G6,0104akito
UMNHH3U9G,satoshi.buff
UMNQ0LBA7,ggpw326
UMNRS290U,yasuhiro.urakami
UMNSE3KAP,chizaisupport
UMNSX2VQA,clear.sunset14
UMP0ZQFA6,mc1242.r
UMP1RQWTD,minoru761
UMP201P24,hrkkwk1210
UMQ1D1JVD,rdslcs0510
UMQ7CDJUR,banquet.kuma
UMRA5AS6B,magimelchior001
UMRP0GXQB,satoh1529
UMRST297C,trello
UMT41QZNF,ma_ayan33
UMTDLLTSN,peace098beat.t
UMTKA0CBU,kawashimateppei
UMTLWHVP1,h.vo
UMTMKBB1Q,maiko.modern
UMTR9Q4PL,shika
UMTTNNZUZ,newtonmaxwell1012
UMU06C76V,ryo_t
UMW7MNCRX,k4d.x.validation
UMWBXUR5F,uenobu106
UMWHV37FB,okuribantokawai
UMX17AE8Y,fukushima0522
UMY9V0N49,kisobe0609
UMYLTHCTC,kaida
UMZQ26F7W,m.h.fukui234
UMZUBUB0U,konosu.masak
UMZVBSBPB,ryukkunbob
UN08N8VMK,kiyoina3
UN0HCK74M,m.yoshimura
UN13XU726,loveone6
UN1V4ELKV,edsa9654
UN28LEEH3,s-matsushita
UN46KF17A,s.kazutaka55555
UN49E0SKF,ttrun5706
UN4LK1A80,imamuraeriel
UN58S8F36,suzukihiroto.tableten
UN6Q8QGK0,minority150331uso
UN7JZK770,r.tanaka19950518
UN8KM3N5U,sanki
UN8NYDJ90,d5g6t3h8f4
UNBR9UF7E,katsunoritooda
UNC7ZP60Y,nyk523jt
UNDAV52V6,shioro50729
UNEE2H2TV,kei.cassady
UNFAV5EDB,ryota0312-chelsea
UNGA09ANL,tairamiu78
UNHCE37QU,kojidij
UNJD36PFG,t.taichi.takutori.021
UNJF7RNP8,g.shirataki4
UNJFZNZ6J,ryo_matsuura
UNKM5GP8W,9me7
UNLNYN8VA,meiguang2world
UNMSPH6P8,kaneryou3511
UNP6QCGNS,kobayashi.tkm
UNQL40HQX,hnk061112
UNRBVA55W,nori0724.running
UP0M4359C,ryohei
UP2AX92SE,asuki.upf
UP3NJELGJ,momochan5454
UP5KY3DFD,krm.11112n
UPAD4C0B0,4c.mura
UPAHD46RL,kawasaki
UPBV44H6H,kanzaki.to.success
UPCS9LZKR,takahiro626
UPDRPAHN2,hirotakasengoku
UPF4T5DE1,asuki.uehata
UPQ6N68BG,r.yamaguchi
UPR6BE9S6,k.nagano1020
UPSFL6VAP,tasogare.yukei_0919
UQ00K3VNZ,tsk19820818
UQ00KD621,hohtm5001
UQ0DQL3PU,google_calendar
UQ0KGGPK7,panda_oh_kenka
UQ5P3BKJN,hiroki.a0114
UQ7QAPL6S,kyamada343
UQ881JCP5,shima.atsuki
UQ8NVHJFJ,mnm.12.mnm.34.mnm
UQ9R03W4T,bassconnolly
UQGMHCCJ2,ozeni.yasunori
UQJ5KR30A,kubo.ontheair
UQL12TR3M,takatsukaband
UQM7K28R3,2oo41o273-o.t-k
UQP32MM6K,tanion89
UQSAETB42,erichocochocotto
UQSPXG55X,ryosuke-ishii
UQSRC415Y,kiwamifarm55
UQXUSE316,tomamekuchi
UQZ15RMMM,gjpamtp
UR126F540,fujinuma
UR13TM04A,y.chiba208
UR1BWQWBG,akamurubasu1228
UR2D23J4T,ohayoppe-yoshi
UR2D24RLK,kh.nt.jl777
UR2D24URH,take4742ken9124
UR5UJRWBB,sollajupiter
UR60EA597,eeewa57
UR7A5CJNA,vagrant.cat.1115
URCGDPVK4,y.otsubo.dss
URDDCP552,y.kawasakicom
URDDG8EVA,kohei.krd
URDDX224S,sota.m777121
URDST28FJ,murasota0321
URDST4U56,goziradxtotasu
URDT3768M,yama04070319
URDT39KGV,g.ken42560116
URE1F9S3E,coupdetat760
URE83UU0G,masahiro.shiyo
UREUHGVAQ,hr.tachikawa
URFHP03PV,kobori.tomoyuki
URFNP77AT,orphenoch1219
URG3NEHGW,saya.abe.ide
URG8BPJ07,aurora_m_pooh
URGUXDE2W,sunoda1129
URLV35G8M,arrowkato
URMGQ9BHS,kyo.kawahara
URPSGF5SP,ssktty514
URRH0MHQR,daichi
URRKHGARX,shige19800
URSAAN0J3,yaesuriman
URSU1E9LM,harorudo50
URT07K7EE,r.kanai82
URTHX5GU9,hryk4592thank
URTLUNZ3K,mahiro3874
URTRU1W48,i98kenken
URUEX00RH,sunago1234
URVQKNPDH,naoto.tamiya
URWLSTTCH,teamup
URXPGQ7U3,ryosuke.umeda
URXPN188P,frics5090fksk
URYTPRJ7P,shinya.ueda930294
US06ZSY3V,toshiya.nt
US0S89J1J,kenken.kawa
US2HKDVSL,scaramanga240
US4219Q06,tamanobi
US46QE7EG,kmail15file
US4BZ5H6H,testaccount
US5SR0VFD,marozaemon1217
US69FTTH6,koji.smz
US85V53MK,okubo.us
US86YKP34,nari.reishi
USC2C8QDN,catcher.in.the.light4
USHRYKMED,uedayuiko
USKRUSDV0,jun.tsuruta
USLK7BV28,jumpei.yamane
USU3HJY20,miketyson40166
UT2H07R34,akimitsu.takagi
UT2HHQ8EN,chmicalgardenman
UT2NF59H9,mi3roe7
UT2PR2JBD,shinozaki.bz
UT2RY42GK,pick.metro.g
UT3VCJE8H,aym.mth77
UT41LLNSV,yukari16.hgt
UT5FYCM6D,1994cuz120
UT658HSRH,hdgww355
UT6KVFH8V,pt.hinata
UT6SC666N,ootayuki
UT7E39YDR,yuuseiyakyu
UT7T88ARH,ruuui912
UT8JLANH4,texcoco2212
UTE5WQUBA,bluce826
UTE8SCJJ0,jun0324
UTE8SECJC,ryusuke.saitocp3
UTE90UH6Z,ryohei122yagi
UTECAPUF7,msh5.global
UTFBYEEDB,24thcenturysummer
UTG65U2S3,syrup3663ve
UTGAQ4N0N,satypandasan
UTGEF4UTG,ogawaa1218
UTGMBSQEB,sh1n_fuj1to
UTHB3KMFG,rus
UTHR2UNGY,dravv-gen10-u.s
UTK77QX52,shima.w28
UTKK6HK2B,katwooo414
UTKKHAFGF,r.c.munehisa
UTKN56VST,sho.tbc19
UTKQB17LY,furushushoku
UTKUPEZ53,kentaro_kaida
UTL6EQH4H,yuyueureka157
UTMLHKKK9,gonezony909
UTMNHLR9V,rayuron
UTP46GURL,05623212
UTPB8J5N1,simplepoll
UTR5X19NX,s.natsu19
UTRRYNJSH,sunnyday0827
UTRSFL2LS,yohei0511
UTWQ9TYE9,atsubsk24
UU0QUFWDB,miler.yoshio
UU1AYQ8KW,polly
UU2BYJNAG,m3.p0nga
UU4U7LDHN,info901
UU69ED72Q,info971
UUAUDBR1N,t.tojima
UUMB12SGZ,yukari.nagata
